temperature,rainfall,soil_moisture,evaporation,drought
35.99,3.0,28.38,25.62,0
38.41,81.2,80.84,16.09,0
30.55,3.58,23.58,45.37,1
20.66,23.86,60.24,48.15,0
25.51,70.71,73.8,10.45,0
40.15,83.78,33.92,20.88,0
43.93,40.39,12.88,16.77,0
41.19,72.45,73.61,61.08,0
33.41,116.77,37.18,48.64,0
40.74,74.22,78.25,50.41,0
37.61,5.5,24.37,30.26,1
21.99,27.93,13.59,29.46,0
35.89,43.78,36.47,24.67,0
26.67,112.4,60.08,52.64,0
24.28,87.5,18.89,36.56,0
44.74,76.8,52.34,57.92,0
41.07,93.12,24.47,12.25,0
27.89,32.13,22.93,76.0,0
41.91,37.76,60.71,37.69,0
42.86,55.06,27.51,27.26,0
34.03,31.53,54.69,72.85,0
29.99,26.32,89.79,45.67,0
22.27,5.65,14.32,53.92,1
39.8,50.66,10.4,36.71,0
44.9,63.49,87.54,70.25,0
20.29,86.49,62.95,47.59,0
26.67,76.92,14.48,40.43,0
31.34,114.46,79.45,28.44,0
32.51,21.44,82.57,70.94,0
27.46,76.67,56.76,20.7,0
39.06,64.73,71.18,47.12,0
20.01,38.9,6.66,75.04,0
41.97,99.8,31.14,14.05,0
41.95,113.63,12.28,44.02,0
21.73,91.27,70.1,18.99,0
31.88,65.98,27.53,71.07,0
30.58,25.42,50.84,61.1,0
25.03,37.41,89.59,55.49,0
30.95,62.11,15.29,25.73,0
28.45,70.6,24.56,25.42,0
21.77,75.73,24.46,73.38,0
41.49,8.5,25.23,56.83,1
25.36,15.88,84.52,49.97,0
31.82,94.15,73.64,23.33,0
22.42,51.73,41.0,42.69,0
38.23,80.8,88.65,16.89,0
30.07,40.72,78.24,27.41,0
24.76,53.83,40.86,29.5,0
26.25,110.79,42.67,70.29,0
33.76,6.07,89.94,68.52,0
44.22,111.16,77.14,21.64,0
32.14,25.65,39.09,14.1,0
29.47,118.24,27.54,64.88,0
31.38,50.76,86.37,79.68,0
33.89,86.21,18.16,30.77,0
44.22,69.5,51.09,62.36,0
21.43,70.1,47.74,69.69,0
23.94,115.29,11.81,23.01,0
34.88,81.03,24.99,18.39,0
42.26,29.55,55.53,53.36,0
30.48,70.04,49.44,75.43,0
25.11,85.94,25.29,37.71,0
36.79,36.0,31.88,62.63,0
21.81,54.99,89.87,79.73,0
21.83,25.58,27.54,75.33,0
42.02,105.51,36.41,21.04,0
40.84,84.42,56.99,79.11,0
36.35,0.94,74.45,30.96,0
36.58,112.67,16.41,18.08,0
22.68,66.39,28.15,52.34,0
37.94,24.43,58.91,28.48,0
32.21,108.64,76.92,16.46,0
30.59,33.2,5.3,63.98,0
35.93,31.43,68.0,48.62,0
30.69,1.16,11.4,71.82,1
42.6,65.47,75.94,50.78,0
23.7,15.29,31.2,72.93,0
39.9,103.28,81.41,24.71,0
26.24,12.34,71.31,71.89,0
30.16,74.48,18.14,75.09,0
41.62,117.14,73.92,71.7,0
20.62,88.39,33.24,75.16,0
40.06,103.69,73.91,28.68,0
39.68,12.97,79.13,70.1,0
25.56,97.99,44.13,31.36,0
39.88,27.31,7.01,23.52,0
28.21,103.72,87.19,29.54,0
36.04,47.96,88.4,47.54,0
43.48,13.84,87.48,22.5,0
44.06,31.86,14.21,40.42,0
38.21,37.64,56.53,45.8,0
29.63,69.19,26.65,59.61,0
20.04,111.07,50.77,60.36,0
38.55,80.48,35.96,14.9,0
36.61,39.62,31.68,69.36,0
37.99,36.04,31.29,38.59,0
30.06,35.48,15.82,39.43,0
43.51,81.28,81.74,53.09,0
27.52,65.75,5.03,30.08,0
30.75,69.6,60.65,42.55,0
31.05,25.64,45.22,73.08,0
39.9,20.36,12.21,46.08,1
35.82,40.22,74.57,62.58,0
36.82,26.96,21.93,11.71,0
26.12,57.02,77.23,15.1,0
30.36,75.57,21.53,58.74,0
32.36,29.28,60.76,10.39,0
38.77,92.41,14.06,39.76,0
24.4,114.96,49.03,13.52,0
26.23,101.8,43.8,66.1,0
36.69,118.55,55.61,76.5,0
42.29,73.52,66.14,45.33,0
40.76,65.74,81.26,62.06,0
31.87,31.1,26.02,54.64,0
39.15,62.56,58.27,29.22,0
21.94,34.29,28.1,32.38,0
33.5,16.6,24.66,58.58,0
37.66,7.71,39.65,47.98,0
30.39,24.82,40.71,73.34,0
34.6,83.46,77.82,63.59,0
29.51,0.71,34.9,62.74,0
41.34,114.41,40.62,62.33,0
33.65,72.39,23.75,25.36,0
30.9,3.48,33.57,57.54,0
30.11,19.81,44.73,18.93,0
35.56,3.24,38.49,49.51,0
20.68,77.13,16.53,42.32,0
21.26,45.49,22.99,32.88,0
39.03,45.5,68.92,68.23,0
26.31,9.83,6.65,47.76,1
45.0,42.0,60.26,64.69,0
36.29,90.51,85.72,23.96,0
20.51,18.29,15.73,56.86,0
34.1,26.16,64.45,63.68,0
24.19,72.87,68.57,18.02,0
40.48,115.77,14.19,11.8,0
27.8,81.28,86.44,37.77,0
37.88,9.12,63.7,53.91,0
22.55,92.7,77.27,52.03,0
23.03,118.06,71.52,34.3,0
30.71,44.47,48.01,33.89,0
41.24,98.68,13.97,77.26,0
35.89,99.44,65.12,40.48,0
38.34,115.86,27.96,66.57,0
33.45,58.02,42.02,61.17,0
26.71,102.21,75.61,16.07,0
42.04,29.26,44.5,52.72,0
29.47,3.44,77.33,22.73,0
25.3,95.74,33.93,71.62,0
37.53,33.15,5.86,76.36,0
22.14,86.41,46.53,63.07,0
37.27,77.51,46.72,65.51,0
22.33,26.59,63.8,31.43,0
34.54,56.79,50.13,39.79,0
38.65,39.69,64.74,28.96,0
26.29,14.48,21.37,18.37,0
33.4,91.46,20.74,25.15,0
32.1,86.95,88.01,46.72,0
27.07,12.06,21.5,25.92,0
24.49,1.7,50.4,29.2,0
44.36,66.4,64.28,18.84,0
41.71,58.91,79.18,50.18,0
31.73,52.86,20.67,13.6,0
43.53,57.33,74.88,38.05,0
21.85,75.53,9.56,20.44,0
34.07,36.46,89.48,18.29,0
39.11,72.76,72.21,25.8,0
33.06,54.06,42.63,70.21,0
44.75,36.65,57.79,52.67,0
38.5,113.71,22.66,24.77,0
36.51,18.85,19.77,15.25,0
20.07,54.06,55.47,30.39,0
25.79,84.83,64.75,41.78,0
37.18,110.87,71.97,53.75,0
36.53,112.04,41.14,48.12,0
36.19,109.01,75.26,15.0,0
24.15,36.91,68.66,49.84,0
27.22,14.92,63.54,58.98,0
43.57,60.06,46.97,15.63,0
21.0,51.84,32.4,27.53,0
22.28,115.43,76.06,50.26,0
43.77,119.95,62.14,28.87,0
21.01,90.75,44.99,55.61,0
42.9,21.78,54.75,54.43,0
32.29,10.95,34.58,33.33,0
36.75,102.93,33.03,58.56,0
27.21,113.42,74.15,48.51,0
31.37,37.74,32.48,77.91,0
30.1,61.75,88.99,56.04,0
33.56,49.59,20.94,35.32,0
38.91,75.05,69.6,24.25,0
33.73,111.32,42.24,58.88,0
23.04,116.78,56.75,26.75,0
23.96,66.1,51.94,16.52,0
44.81,109.55,44.22,18.22,0
40.8,59.81,65.91,45.62,0
26.84,100.17,88.32,27.06,0
33.78,46.03,83.36,45.58,0
41.98,103.68,28.48,65.3,0
30.37,112.11,48.16,67.44,0
27.07,35.83,54.89,79.92,0
32.24,17.83,50.78,34.16,0
33.8,65.21,43.7,32.52,0
24.72,83.7,53.6,26.35,0
39.39,5.24,68.3,59.37,0
40.29,46.33,61.41,67.45,0
44.52,59.44,8.15,45.16,0
34.75,104.36,79.31,40.82,0
33.15,54.83,66.41,38.7,0
36.37,18.52,44.91,77.84,0
28.46,83.12,60.24,69.62,0
41.31,103.12,37.3,32.17,0
37.97,91.13,79.15,12.51,0
21.71,75.74,83.28,79.82,0
38.67,52.08,13.37,54.36,0
41.81,53.24,63.99,73.24,0
21.15,95.54,29.94,36.24,0
23.64,63.74,53.1,65.48,0
24.25,9.48,79.02,53.38,0
26.02,109.54,17.17,42.28,0
26.35,30.64,5.8,66.32,0
42.53,81.31,18.43,40.92,0
28.64,70.51,59.31,39.7,0
26.25,101.44,21.93,36.93,0
32.08,28.46,53.61,50.24,0
44.82,35.43,88.13,56.08,0
26.86,67.91,63.29,62.13,0
21.23,72.77,47.22,73.29,0
27.15,95.86,56.6,34.66,0
35.92,74.51,62.61,60.46,0
36.48,100.6,58.4,73.24,0
36.16,37.07,42.47,50.57,0
38.31,10.82,30.08,62.32,1
24.39,15.86,50.85,78.0,0
33.27,109.62,75.59,27.99,0
40.62,57.82,73.55,62.26,0
28.47,13.82,86.85,19.85,0
44.16,103.22,66.56,78.6,0
44.18,96.55,36.09,65.35,0
20.35,64.39,43.66,57.1,0
36.81,70.15,74.91,75.82,0
22.71,28.06,7.13,71.9,0
34.04,109.83,23.82,14.43,0
40.6,109.13,30.69,38.58,0
23.49,113.55,30.87,44.48,0
22.43,106.47,16.53,41.76,0
36.76,89.18,85.41,39.34,0
38.56,18.54,40.27,16.93,0
32.23,48.97,85.88,12.29,0
29.26,53.21,85.8,69.88,0
22.48,82.28,51.28,78.45,0
28.97,47.78,21.13,18.55,0
41.2,54.57,61.34,54.92,0
34.93,2.56,71.88,27.05,0
23.15,67.75,10.83,63.56,0
25.18,25.91,78.92,33.0,0
23.69,108.06,5.24,70.09,0
23.62,15.6,26.31,22.21,0
36.53,3.09,6.26,65.3,1
25.95,38.85,19.81,13.67,0
38.54,63.13,68.38,43.34,0
39.45,61.59,14.27,45.27,0
43.64,5.2,71.57,70.69,0
33.04,54.97,86.94,14.26,0
31.97,48.19,63.32,44.32,0
42.74,8.82,11.87,52.58,1
21.64,33.0,58.81,48.38,0
28.13,119.36,50.1,41.76,0
35.14,11.9,64.65,69.7,0
36.27,92.28,66.27,25.05,0
31.29,27.42,33.81,41.74,0
30.4,11.41,41.27,56.56,0
29.36,18.32,83.45,14.7,0
40.79,11.19,13.21,61.72,1
40.29,66.76,54.85,49.31,0
28.24,14.67,35.06,56.57,0
38.76,104.17,66.29,77.79,0
35.01,42.2,54.12,24.89,0
36.42,26.91,14.2,69.18,0
29.19,91.51,53.8,66.51,0
41.13,116.95,74.57,52.95,0
36.07,3.15,83.97,68.06,0
26.69,21.65,64.73,31.63,0
28.5,0.73,78.94,49.64,0
30.02,17.02,58.82,12.15,0
38.65,25.82,40.69,33.86,0
29.25,86.59,71.03,49.73,0
22.12,6.31,18.38,53.25,1
36.85,32.65,61.26,44.0,0
31.05,32.78,69.17,17.97,0
30.75,33.99,62.67,44.06,0
36.68,5.45,38.6,51.95,0
20.19,36.17,22.95,19.61,0
26.39,39.37,5.66,62.29,0
24.39,45.62,64.81,45.02,0
40.83,96.74,11.13,70.32,0
21.06,2.25,83.3,70.35,0
34.39,68.81,65.31,39.24,0
22.88,2.5,32.61,66.09,0
35.45,99.84,83.18,16.17,0
41.11,29.2,55.05,46.68,0
29.89,37.23,33.86,33.31,0
24.2,61.26,14.69,45.7,0
42.65,41.93,66.83,67.33,0
40.38,28.35,17.45,23.81,0
35.06,91.23,60.72,22.4,0
39.32,59.29,69.13,63.19,0
31.22,110.9,52.98,54.47,0
35.61,103.71,58.31,20.57,0
21.71,53.06,30.74,29.23,0
21.4,60.88,31.38,41.63,0
21.42,99.8,11.52,70.5,0
41.38,73.8,48.1,42.39,0
33.86,95.02,81.15,41.48,0
40.25,78.22,32.33,43.29,0
23.77,7.42,13.8,72.94,1
28.59,85.72,47.89,22.08,0
26.19,52.53,42.35,46.59,0
23.97,44.74,29.05,38.61,0
28.46,71.75,72.08,55.31,0
21.65,11.34,62.66,29.89,0
38.09,78.79,82.04,71.13,0
28.33,69.93,17.02,34.49,0
44.19,83.82,38.32,51.65,0
43.45,37.15,37.02,65.42,0
40.33,80.41,75.46,61.71,0
37.14,63.17,59.91,39.64,0
29.05,43.51,20.32,24.99,0
43.69,58.35,24.26,19.63,0
21.93,101.33,13.6,63.96,0
40.88,106.04,8.21,33.57,0
39.16,15.73,37.02,21.36,0
40.78,92.53,73.77,21.59,0
30.94,49.3,62.49,26.63,0
31.1,34.19,68.63,41.42,0
33.35,37.14,73.73,42.83,0
40.88,44.14,85.51,78.91,0
31.54,33.81,37.46,46.92,0
44.16,98.03,73.11,19.69,0
26.25,76.94,79.3,48.82,0
22.56,101.51,77.35,29.95,0
39.08,32.73,81.95,20.31,0
30.94,113.57,23.87,41.58,0
28.74,3.2,9.53,45.14,1
25.89,119.34,36.87,11.97,0
43.27,100.7,60.25,65.4,0
23.44,34.43,75.53,58.73,0
23.47,84.66,43.13,10.37,0
21.98,30.71,75.97,48.42,0
38.18,63.33,14.45,30.17,0
27.53,5.73,40.69,65.57,0
31.43,13.3,81.94,51.77,0
20.41,61.85,25.56,20.05,0
30.73,73.78,25.45,39.16,0
36.61,10.27,87.85,14.74,0
33.15,60.88,89.01,48.79,0
29.76,56.42,59.03,78.67,0
26.34,1.95,72.02,34.14,0
38.32,75.39,70.58,61.46,0
28.31,5.32,51.41,66.95,0
24.38,93.5,44.49,58.68,0
35.79,97.38,10.36,64.33,0
31.44,35.21,8.72,23.96,0
21.05,112.0,48.81,79.24,0
33.58,30.4,69.03,23.38,0
28.92,93.7,78.59,33.23,0
23.11,44.16,80.61,62.03,0
42.37,46.4,87.77,44.73,0
32.44,110.92,49.14,66.08,0
38.18,9.47,56.21,67.56,0
33.64,38.55,11.81,56.26,0
27.66,72.31,41.22,58.28,0
28.79,5.08,78.95,34.68,0
44.95,32.95,88.3,76.35,0
21.88,76.5,35.88,66.08,0
36.99,114.33,17.14,52.53,0
39.53,4.18,10.71,64.5,1
29.16,45.94,53.22,52.36,0
36.98,113.86,36.62,63.42,0
34.35,63.54,38.83,55.47,0
26.24,13.61,67.53,44.93,0
29.67,67.4,27.25,28.22,0
31.16,119.56,29.27,74.15,0
32.28,14.72,77.49,41.64,0
42.47,53.41,12.46,57.74,0
41.14,38.35,34.53,14.55,0
33.55,106.96,77.37,59.83,0
43.18,76.52,72.46,45.61,0
23.03,24.12,16.8,65.33,0
20.66,66.48,36.36,66.26,0
33.79,73.43,12.33,31.65,0
44.99,86.26,49.68,63.84,0
40.58,8.85,87.65,54.96,0
31.25,81.61,34.28,71.46,0
39.51,76.78,20.47,77.64,0
30.82,109.29,9.71,18.69,0
23.83,19.76,32.43,59.65,0
28.65,112.91,81.07,69.22,0
26.27,76.21,51.82,18.76,0
27.57,64.02,47.72,21.8,0
43.54,18.5,60.99,60.44,0
35.13,101.1,52.91,67.77,0
20.71,5.46,59.52,50.37,0
36.28,92.04,40.41,54.73,0
32.45,75.26,29.62,76.97,0
32.07,96.56,63.22,30.82,0
21.82,7.19,42.37,43.9,0
25.1,72.8,31.57,60.29,0
38.35,103.29,87.91,19.15,0
29.26,67.4,32.12,42.65,0
26.69,29.75,13.23,30.31,0
29.6,73.85,26.1,70.57,0
23.99,39.29,54.1,31.89,0
39.08,59.79,48.75,44.91,0
27.71,2.78,85.34,45.38,0
44.17,25.82,35.0,13.54,0
32.37,105.88,60.61,42.94,0
33.42,101.66,41.63,71.77,0
38.19,91.66,36.1,38.04,0
34.26,23.36,52.02,15.15,0
32.61,91.73,28.78,79.24,0
37.01,14.26,87.88,37.57,0
39.87,40.69,84.81,62.85,0
24.98,61.09,47.51,13.17,0
23.43,39.96,45.27,41.99,0
35.16,61.86,32.88,52.91,0
24.06,118.87,67.84,30.95,0
28.41,99.39,50.25,59.61,0
27.49,97.89,36.31,57.17,0
44.5,70.04,72.72,60.77,0
37.2,3.2,45.34,77.69,0
39.57,93.14,54.1,60.5,0
34.59,20.46,58.47,53.38,0
41.03,17.73,62.86,12.21,0
43.71,13.19,6.61,31.96,0
23.79,82.86,39.88,64.25,0
43.01,104.74,67.55,14.36,0
23.45,24.88,32.63,56.36,0
33.14,37.65,19.72,73.85,0
28.56,42.51,70.62,60.46,0
36.08,83.2,56.86,23.46,0
26.16,66.97,24.11,78.1,0
27.44,34.68,22.62,59.35,0
27.93,41.86,84.36,65.68,0
26.84,14.62,62.51,36.58,0
44.5,98.21,86.14,66.32,0
27.26,34.52,65.7,34.25,0
31.06,30.77,45.72,24.14,0
33.46,111.96,64.17,19.61,0
35.39,70.42,25.61,56.89,0
33.28,76.55,9.46,38.93,0
37.93,12.07,70.52,10.36,0
33.76,111.49,39.59,75.45,0
41.96,57.29,21.95,77.47,0
28.03,77.51,82.17,16.26,0
34.35,64.22,66.47,75.57,0
42.83,21.01,79.99,22.31,0
42.99,119.66,38.74,44.68,0
43.42,115.46,83.71,71.37,0
20.23,68.16,14.12,78.81,0
27.11,118.69,51.18,44.57,0
43.46,102.13,44.78,23.5,0
22.82,19.5,44.01,28.01,0
24.65,88.39,72.22,49.74,0
38.93,21.06,77.77,72.79,0
40.67,61.83,12.37,56.85,0
24.62,16.87,32.51,27.36,0
26.52,28.26,69.07,76.78,0
27.55,86.75,5.97,55.76,0
37.32,7.45,15.05,31.48,1
30.14,60.3,81.09,59.25,0
27.77,14.09,82.87,30.65,0
35.37,26.3,16.35,20.72,0
38.69,72.69,40.35,48.45,0
31.77,64.5,61.45,25.29,0
26.19,90.57,79.22,15.73,0
31.17,84.45,11.64,49.49,0
21.54,65.72,47.97,50.09,0
23.75,39.37,49.23,18.14,0
25.14,69.98,12.73,45.73,0
40.22,54.41,48.63,41.98,0
21.44,55.49,73.59,60.63,0
29.9,97.97,68.39,50.48,0
21.13,41.34,10.42,79.59,0
43.36,8.28,84.37,12.22,0
30.22,92.28,70.1,78.48,0
36.15,50.44,89.39,36.77,0
41.74,108.81,36.93,57.79,0
36.54,64.72,60.55,34.34,0
24.46,64.47,49.95,60.95,0
25.57,0.42,6.93,30.89,1
36.84,65.33,50.21,67.64,0
26.19,41.54,28.43,75.62,0
38.13,13.54,73.81,39.35,0
39.15,106.05,6.33,24.43,0
22.52,4.03,55.81,59.23,0
21.22,88.86,39.19,26.4,0
25.43,103.65,9.8,45.27,0
27.23,97.89,67.18,32.32,0
34.95,80.7,32.26,31.12,0
23.58,79.23,23.79,31.04,0
21.52,113.82,79.78,73.81,0
35.65,51.26,47.13,78.06,0
43.54,80.56,71.79,32.31,0
30.41,17.91,37.0,62.81,0
31.84,101.92,30.56,59.53,0
40.14,109.77,52.8,77.75,0
33.93,16.09,25.64,24.23,0
36.17,110.67,77.01,16.47,0
38.11,22.86,27.82,57.16,1
35.07,104.83,20.99,63.32,0
38.11,67.06,45.75,70.86,0
28.32,114.84,6.3,75.6,0
44.05,14.08,89.96,43.52,0
26.06,72.53,22.38,74.06,0
33.8,93.06,37.36,47.36,0
28.98,31.39,48.59,44.81,0
22.47,117.76,44.91,68.78,0
42.86,44.48,40.18,49.38,0
25.53,17.51,27.17,75.43,0
34.48,50.11,17.95,33.09,0
29.5,100.0,47.44,55.82,0
37.12,30.88,74.84,77.66,0
36.04,58.87,19.3,65.65,0
24.23,86.44,46.51,74.18,0
33.55,77.02,9.99,12.37,0
41.17,113.42,61.8,63.5,0
30.31,101.11,24.67,59.5,0
20.23,60.69,36.72,53.25,0
36.67,73.98,46.07,44.15,0
20.17,66.2,6.01,47.06,0
26.87,117.3,6.46,66.92,0
36.85,96.74,82.33,17.49,0
22.41,17.87,21.31,46.85,0
40.38,32.08,38.74,36.11,0
30.15,67.8,89.17,25.81,0
37.1,101.74,60.57,70.08,0
38.99,11.22,37.24,48.69,0
21.4,1.13,19.57,44.99,1
30.85,94.13,53.1,70.06,0
22.38,63.38,8.62,24.8,0
41.7,106.51,45.42,13.26,0
21.86,111.07,81.44,49.45,0
20.82,111.45,31.73,77.3,0
34.68,90.27,65.58,37.88,0
21.92,19.49,25.44,68.43,0
29.73,107.58,33.2,62.89,0
23.5,118.62,66.55,45.06,0
44.36,6.44,42.15,68.71,0
28.51,92.28,86.16,37.77,0
39.34,3.56,28.23,79.48,1
32.27,42.7,85.0,40.23,0
36.99,79.28,12.28,53.3,0
39.95,85.57,11.97,20.8,0
37.79,76.07,67.87,32.17,0
22.66,0.62,31.2,35.19,0
26.74,15.9,20.93,41.42,0
33.87,48.97,7.23,34.77,0
22.33,71.77,32.58,36.97,0
27.3,46.54,12.2,73.08,0
42.63,117.38,53.62,21.87,0
29.52,16.66,30.6,44.52,0
21.58,52.16,40.79,43.9,0
21.92,30.2,25.96,53.75,0
34.85,23.47,14.09,31.33,0
43.72,39.87,57.72,66.29,0
28.24,40.17,74.32,70.17,0
44.36,16.33,32.26,76.31,1
25.02,37.7,86.99,77.81,0
27.29,83.39,46.74,50.31,0
26.06,45.13,74.4,37.51,0
22.85,67.66,55.34,48.19,0
37.04,66.01,86.01,42.31,0
37.71,52.61,29.76,58.5,0
40.47,95.48,39.78,44.95,0
35.83,29.04,60.99,60.07,0
39.73,8.88,89.21,43.55,0
30.02,60.79,83.23,58.42,0
33.59,94.89,35.56,72.69,0
33.42,76.58,12.22,63.83,0
36.44,42.6,59.99,13.1,0
44.59,81.3,38.97,62.69,0
44.14,51.65,5.9,28.11,0
32.77,62.26,54.34,50.27,0
31.14,46.94,70.65,51.2,0
32.51,41.4,7.09,17.32,0
30.4,115.41,14.87,75.85,0
23.54,37.43,43.7,24.48,0
32.07,57.14,42.24,58.77,0
27.97,36.03,73.87,18.06,0
41.23,77.76,62.56,21.5,0
44.6,29.27,19.83,21.21,0
34.0,115.02,24.71,38.35,0
24.61,76.86,41.73,12.04,0
35.35,23.68,55.34,37.22,0
37.62,24.69,68.95,66.61,0
21.56,12.21,79.12,23.09,0
28.15,54.91,27.3,70.38,0
33.19,76.69,55.74,52.79,0
34.68,41.75,76.87,53.22,0
40.34,84.72,30.28,53.01,0
22.12,16.07,15.02,31.38,0
24.58,83.21,48.42,39.28,0
23.45,46.05,20.79,54.49,0
37.34,77.43,89.99,48.84,0
32.24,16.84,31.74,41.57,0
21.34,43.08,5.81,19.56,0
40.38,115.66,47.96,44.65,0
37.12,49.88,76.39,44.21,0
22.07,3.7,69.69,30.45,0
26.87,64.51,19.3,42.01,0
38.56,91.91,51.73,17.92,0
22.86,93.01,74.98,35.68,0
40.57,4.99,66.11,48.24,0
44.74,12.29,75.56,62.59,0
27.44,119.92,43.23,34.4,0
40.42,52.69,89.49,64.29,0
25.92,97.28,54.97,34.54,0
37.77,75.93,19.11,19.75,0
25.17,24.83,10.05,34.56,0
27.03,64.65,32.51,59.28,0
27.23,32.08,77.93,78.98,0
36.98,11.43,86.84,65.0,0
42.97,119.1,78.7,18.88,0
41.65,29.96,65.47,67.99,0
39.04,81.15,46.6,50.42,0
26.72,49.71,43.42,54.35,0
42.0,11.17,48.83,29.48,0
43.41,44.29,85.77,32.91,0
20.06,92.9,67.28,61.17,0
31.46,79.7,35.45,14.43,0
33.36,26.14,41.52,24.83,0
26.71,99.4,33.71,50.46,0
34.15,58.24,34.22,57.78,0
21.21,11.95,71.63,42.17,0
23.11,102.92,42.51,10.05,0
43.95,24.28,63.53,19.23,0
36.25,19.08,84.28,29.18,0
36.36,30.05,36.61,73.27,0
24.14,47.56,30.97,58.96,0
25.85,78.66,64.81,10.08,0
31.92,15.92,24.23,57.6,0
20.23,83.47,74.45,79.17,0
30.56,15.86,11.02,36.81,0
38.27,12.29,31.63,71.67,1
23.43,92.82,69.02,19.32,0
44.82,17.14,50.09,10.59,0
36.25,52.81,66.41,53.97,0
23.78,49.41,63.36,70.2,0
22.17,12.06,68.96,51.27,0
29.6,115.59,31.73,19.79,0
26.92,10.11,52.04,52.0,0
35.19,93.48,63.69,69.35,0
36.46,36.2,49.01,45.67,0
38.7,35.47,9.64,72.85,0
43.87,59.39,14.58,44.97,0
34.85,63.39,88.1,79.08,0
43.35,15.84,78.17,49.79,0
29.14,81.95,69.83,76.81,0
39.26,2.0,10.74,28.35,1
21.0,7.26,72.09,45.46,0
35.71,60.13,40.31,59.13,0
22.06,64.39,57.36,29.42,0
27.75,61.36,22.27,66.56,0
33.41,46.89,58.92,68.42,0
37.03,7.93,64.39,61.1,0
41.16,6.95,12.33,40.41,1
31.33,73.06,31.29,61.92,0
38.52,14.33,65.17,59.1,0
24.1,114.36,49.46,64.81,0
38.02,20.04,15.79,64.68,1
26.72,106.37,70.57,12.05,0
40.18,32.64,10.43,59.86,0
34.42,9.25,43.69,35.21,0
32.49,68.03,36.25,27.86,0
22.57,68.87,66.44,25.99,0
32.72,5.28,78.35,27.12,0
31.79,45.96,17.76,75.18,0
41.44,66.34,82.69,61.85,0
30.48,38.62,40.38,60.42,0
26.78,9.35,36.69,45.14,0
42.55,21.52,73.37,78.7,0
43.85,8.27,44.53,29.76,0
41.12,39.28,52.01,10.56,0
25.02,67.66,30.83,53.59,0
31.6,71.0,46.94,64.08,0
24.89,108.05,69.64,27.16,0
20.16,49.2,24.8,34.25,0
40.99,105.26,85.83,10.1,0
36.43,101.88,66.81,17.28,0
33.25,28.58,46.82,14.19,0
44.92,85.4,12.91,74.49,0
42.43,62.37,64.57,36.07,0
44.36,10.19,13.12,19.35,0
40.5,8.98,53.26,40.45,0
44.11,28.41,27.18,32.05,0
40.02,84.09,67.5,32.26,0
26.8,8.96,22.23,64.6,1
34.62,18.65,18.97,42.62,0
30.16,64.31,86.99,24.53,0
27.71,31.8,15.19,21.03,0
37.15,99.17,64.23,12.82,0
40.9,39.34,12.75,27.38,0
28.89,61.62,62.56,28.21,0
44.77,3.73,39.37,41.65,0
38.7,29.98,44.27,66.27,0
23.49,1.43,75.58,78.78,0
23.27,98.84,36.64,54.12,0
36.12,69.88,27.0,66.89,0
20.55,7.74,81.71,41.04,0
23.22,108.61,75.5,33.21,0
21.07,55.32,19.28,50.17,0
40.54,47.4,7.51,57.82,0
24.32,25.77,20.91,29.59,0
42.09,4.16,57.63,27.2,0
27.38,49.44,51.81,14.27,0
26.99,16.47,21.95,71.93,0
33.15,75.69,73.18,65.64,0
44.74,93.83,35.52,48.12,0
32.12,109.52,47.7,37.19,0
24.5,38.27,23.62,72.7,0
39.46,7.03,89.28,47.06,0
39.17,119.95,87.79,17.01,0
36.42,31.98,74.38,74.21,0
21.4,119.57,23.65,69.26,0
39.93,42.58,76.33,69.17,0
24.4,71.1,73.53,58.83,0
42.85,3.38,64.55,76.33,0
34.09,67.57,21.0,79.16,0
42.04,59.07,31.27,44.33,0
22.26,27.91,23.6,46.85,0
20.02,110.15,22.12,19.13,0
37.92,110.25,76.76,32.65,0
20.55,70.39,82.96,64.21,0
41.16,103.28,86.65,36.15,0
43.55,47.47,13.59,31.12,0
23.41,18.9,85.64,65.43,0
44.02,77.9,19.81,77.81,0
37.34,111.46,71.89,25.63,0
34.72,21.04,31.08,58.19,1
23.18,87.46,85.65,76.41,0
29.79,119.31,87.04,12.27,0
35.06,110.52,87.24,25.46,0
34.14,112.4,16.95,62.17,0
25.95,117.89,19.27,71.97,0
22.22,85.08,59.32,72.07,0
31.17,31.83,26.21,14.75,0
26.42,12.96,5.11,37.02,0
38.31,116.29,80.19,44.52,0
29.47,65.52,13.62,43.56,0
41.6,78.12,63.41,21.39,0
21.84,101.49,30.07,32.31,0
43.79,8.9,19.46,36.28,1
38.3,65.65,81.34,16.52,0
34.85,73.64,46.03,12.17,0
43.56,19.8,80.63,21.0,0
22.53,24.67,21.15,58.8,0
38.05,87.6,27.55,29.71,0
25.94,5.96,53.6,68.79,0
23.84,43.3,41.35,30.62,0
36.55,72.03,21.97,11.8,0
24.27,35.02,11.96,69.06,0
27.71,47.7,46.57,56.27,0
22.28,65.3,20.71,71.98,0
29.24,53.49,27.38,42.55,0
25.66,32.23,10.24,62.66,0
36.69,10.28,34.22,47.9,1
44.27,70.77,52.06,68.86,0
40.46,50.24,50.52,70.68,0
31.87,105.8,45.48,15.53,0
42.57,85.72,47.68,73.03,0
40.01,81.3,57.72,18.42,0
38.93,20.75,88.67,78.05,0
40.21,15.14,40.99,79.18,0
30.88,119.67,58.31,68.39,0
26.45,109.3,82.7,14.69,0
29.7,47.68,32.72,29.33,0
31.45,104.82,71.86,53.61,0
33.06,50.35,40.23,20.37,0
34.7,91.01,84.87,74.74,0
34.07,12.12,29.32,47.49,1
28.6,49.31,37.56,43.99,0
35.22,4.5,28.41,20.07,0
35.22,83.24,8.3,72.27,0
28.29,28.51,68.39,74.46,0
42.43,2.43,74.48,31.21,0
27.01,58.99,64.18,16.88,0
41.72,16.13,87.81,41.02,0
40.65,32.33,40.43,55.19,0
24.7,25.37,75.04,61.87,0
38.99,104.06,74.79,46.07,0
23.97,37.33,48.08,19.5,0
41.28,105.52,7.46,23.49,0
40.82,100.44,26.21,41.95,0
42.95,84.56,28.29,67.65,0
32.63,76.25,15.53,12.14,0
29.31,71.29,20.09,70.93,0
34.67,41.97,18.9,72.61,0
38.72,82.66,29.23,37.06,0
24.07,68.67,87.02,70.0,0
36.18,81.32,27.87,38.67,0
20.5,93.64,70.24,10.62,0
42.79,77.68,56.1,10.59,0
26.31,96.61,30.96,77.69,0
36.07,50.86,37.0,34.41,0
26.3,56.0,62.56,67.7,0
29.93,12.28,48.48,56.36,0
41.08,44.91,60.02,52.63,0
27.46,12.97,10.43,79.19,0
36.01,103.38,27.2,59.78,0
42.31,35.85,17.74,63.58,0
42.49,96.65,73.2,52.0,0
36.51,81.69,66.31,55.88,0
44.94,31.13,40.58,37.18,0
20.88,84.97,53.62,23.29,0
38.16,26.68,50.44,64.94,0
42.66,80.62,48.12,69.18,0
41.02,105.18,20.4,16.83,0
23.2,31.04,73.71,63.4,0
24.58,81.57,33.53,16.25,0
28.88,89.31,31.1,65.17,0
28.28,31.27,29.99,69.58,0
31.76,103.97,54.6,76.1,0
21.78,106.73,47.54,70.72,0
29.54,35.8,9.6,69.8,0
23.43,24.04,39.78,49.86,0
42.67,54.91,31.89,60.1,0
39.47,58.51,58.64,22.38,0
35.86,0.57,28.25,63.28,1
24.22,91.74,46.61,63.45,0
22.2,73.74,58.85,38.24,0
44.13,46.0,8.21,23.96,0
29.33,1.69,32.39,68.33,0
24.76,81.21,58.27,27.42,0
37.34,41.32,15.96,36.85,0
34.72,20.04,75.03,30.87,0
27.27,87.34,55.69,33.65,0
42.2,119.46,34.13,73.1,0
28.98,22.61,85.59,74.27,0
30.08,27.41,66.81,19.18,0
38.35,70.76,19.36,35.66,0
36.26,4.48,79.51,27.91,0
33.37,5.83,89.55,56.34,0
36.34,2.37,63.63,39.17,0
29.51,65.67,45.32,20.72,0
37.38,75.64,30.59,56.32,0
36.56,32.4,56.48,19.6,0
40.77,12.59,66.1,18.24,0
22.85,12.75,21.88,23.98,0
26.57,62.78,22.14,59.24,0
27.38,4.73,47.19,24.54,0
43.33,39.67,5.23,57.01,0
42.67,100.23,61.87,20.44,0
22.25,61.4,66.5,17.09,0
26.4,27.74,89.04,30.72,0
31.61,11.98,19.85,12.76,0
27.26,96.19,31.58,61.7,0
22.37,90.98,8.9,69.64,0
36.58,20.46,35.39,40.64,0
35.55,105.42,12.9,67.05,0
24.57,48.09,86.8,29.03,0
29.64,102.08,72.99,55.42,0
39.92,13.57,64.17,14.11,0
43.56,19.13,40.36,51.35,0
40.06,81.41,20.41,36.58,0
28.96,3.46,63.18,68.7,0
44.34,15.68,83.23,17.91,0
30.28,5.52,27.24,32.0,0
37.61,81.35,70.24,50.37,0
34.13,117.35,61.94,33.68,0
33.08,84.07,13.1,56.32,0
26.21,41.49,62.49,36.94,0
40.98,67.0,88.96,13.82,0
36.08,18.83,77.15,69.63,0
41.74,8.98,46.79,26.86,0
44.25,6.04,23.93,55.03,1
30.08,28.2,44.02,66.09,0
31.2,102.79,43.0,18.31,0
32.43,78.4,13.72,38.86,0
33.93,0.02,12.73,52.29,1
35.48,36.55,48.21,24.48,0
36.79,114.04,35.88,13.8,0
25.57,54.54,52.61,53.38,0
31.83,78.86,65.85,17.98,0
38.98,26.61,34.02,68.09,0
44.11,35.04,49.37,59.15,0
21.14,19.7,16.94,60.18,0
38.04,12.84,56.92,23.13,0
43.26,47.15,43.85,64.7,0
37.92,12.93,40.23,74.86,0
40.94,70.66,70.63,41.54,0
36.46,114.74,16.44,44.92,0
33.26,5.83,84.5,68.72,0
32.07,61.0,83.3,22.4,0
34.46,87.66,15.91,37.12,0
35.01,105.92,47.85,36.93,0
44.49,109.91,69.8,29.15,0
44.09,116.46,43.49,19.34,0
30.32,84.0,68.62,30.92,0
37.54,103.28,65.51,75.49,0
35.81,24.11,58.05,30.34,0
28.63,80.68,88.41,55.51,0
43.96,60.47,64.02,32.57,0
22.89,42.27,45.83,49.94,0
36.68,50.1,68.57,68.9,0
27.15,101.68,73.71,46.59,0
20.63,17.44,61.97,23.99,0
38.75,19.31,29.36,27.54,0
40.98,82.87,30.09,62.75,0
20.81,97.68,13.71,70.76,0
38.49,103.78,68.11,49.29,0
25.94,94.12,72.9,30.13,0
36.61,111.18,37.94,76.97,0
44.4,37.52,51.93,10.91,0
26.28,74.47,71.38,70.91,0
40.75,109.38,64.89,55.33,0
38.88,65.59,56.29,64.33,0
44.11,35.3,20.08,57.79,0
24.67,20.86,48.68,36.4,0
30.71,66.79,16.06,50.88,0
26.38,39.67,65.32,20.84,0
23.84,38.72,9.32,75.27,0
35.39,79.43,46.7,50.09,0
28.95,94.08,32.02,25.4,0
24.6,8.18,47.94,39.12,0
33.43,11.03,23.8,24.93,0
28.3,43.3,23.57,62.69,0
33.26,119.6,75.01,78.68,0
20.22,80.27,42.88,73.31,0
35.34,74.54,86.51,57.78,0
28.02,109.91,85.32,37.01,0
33.51,33.94,82.46,67.55,0
29.37,96.34,42.87,13.07,0
42.46,23.1,48.68,76.37,0
24.18,114.75,50.73,10.51,0
21.64,80.44,70.75,70.55,0
30.61,12.47,50.71,59.19,0
44.41,93.02,59.96,75.78,0
38.67,18.45,44.03,33.22,0
22.19,6.51,72.51,49.07,0
34.37,27.32,26.99,37.16,0
35.76,51.96,6.44,57.13,0
33.37,76.97,57.56,62.92,0
34.64,84.11,11.17,74.96,0
22.65,94.43,30.61,16.06,0
39.13,52.52,38.58,56.25,0
31.85,64.02,16.59,37.37,0
39.94,65.49,86.61,20.09,0
36.93,109.7,72.58,61.05,0
29.33,113.94,52.05,48.85,0
23.08,0.6,55.72,47.6,0
43.67,36.56,68.61,73.25,0
28.6,49.52,59.9,45.88,0
24.02,26.49,75.95,23.6,0
24.53,95.96,77.44,69.6,0
43.31,119.32,44.21,48.48,0
27.27,8.08,13.35,60.79,1
32.18,39.7,15.9,55.88,0
22.5,74.34,81.51,32.25,0
31.27,73.96,30.98,50.89,0
34.14,43.74,31.89,39.98,0
20.12,29.54,23.83,61.79,0
30.9,100.81,16.42,61.31,0
41.95,55.54,35.49,31.38,0
33.79,21.09,56.56,68.93,0
41.47,16.8,50.78,28.43,0
42.16,9.18,11.41,11.3,1
32.68,3.74,54.46,38.36,0
34.75,108.76,51.89,48.04,0
44.97,56.65,70.89,35.61,0
25.58,92.66,67.32,30.37,0
31.62,61.25,38.73,45.15,0
36.57,101.76,73.56,52.98,0
24.15,61.7,42.93,22.54,0
43.72,79.13,87.26,61.51,0
32.09,43.06,23.6,44.13,0
21.57,44.33,8.64,24.47,0
42.69,43.35,44.92,41.83,0
21.16,117.67,32.55,59.26,0
33.03,99.56,75.96,28.43,0
33.61,20.86,60.56,35.57,0
36.33,100.26,48.92,36.34,0
42.68,61.96,35.0,70.74,0
32.17,57.85,56.36,45.13,0
23.47,19.87,11.55,55.04,0
25.29,22.43,35.79,60.21,0
22.96,27.64,73.95,60.42,0
32.04,57.46,22.91,21.29,0
40.83,2.69,8.67,50.14,1
24.03,75.54,8.33,50.06,0
21.4,30.99,20.3,77.08,0
34.98,67.63,6.58,60.37,0
36.54,34.01,12.29,41.44,0
44.82,104.08,19.5,68.13,0
35.02,95.35,74.74,22.73,0
36.49,31.74,66.56,33.99,0
31.34,70.87,24.53,36.98,0
22.71,24.28,78.07,45.31,0
30.49,17.95,13.19,43.31,0
35.37,4.68,71.63,45.23,0
22.94,57.87,16.08,52.24,0
40.69,107.64,70.86,55.45,0
33.05,44.45,8.69,47.09,0
25.74,96.28,72.11,36.69,0
34.73,88.97,69.73,58.77,0
22.44,16.07,45.56,26.28,0
41.48,33.99,79.53,38.61,0
24.73,85.1,72.1,50.46,0
22.95,0.86,60.64,58.14,0
27.9,43.47,18.16,55.61,0
26.34,102.6,41.0,35.6,0
26.89,81.67,69.17,38.93,0
39.59,57.9,36.47,48.84,0
26.34,36.8,34.27,59.38,0
38.39,102.6,61.04,62.35,0
31.16,83.92,18.75,25.01,0
30.01,40.61,51.8,58.79,0
37.67,19.29,86.99,10.37,0
22.28,17.44,83.7,40.48,0
21.6,26.61,11.8,12.64,0
29.61,118.13,57.19,46.47,0
37.79,71.7,85.39,67.42,0
36.01,52.68,22.15,55.98,0
40.1,34.32,7.86,51.97,0
32.9,27.8,19.41,12.52,0
25.98,0.03,18.38,79.78,1
39.49,42.38,38.59,51.03,0
32.94,88.43,10.83,16.31,0
27.11,99.57,82.78,34.37,0
44.08,33.18,56.54,23.62,0
43.24,68.99,27.19,38.5,0
22.66,8.69,30.01,76.29,0
40.07,114.81,79.47,66.92,0
34.37,83.3,87.11,49.42,0
39.25,90.9,86.71,42.12,0
31.52,70.42,7.32,18.14,0
21.69,76.04,89.51,57.38,0
25.75,37.89,86.21,46.16,0
20.24,99.86,26.1,16.51,0
36.84,98.53,11.46,75.2,0
31.91,42.42,81.02,28.84,0
43.68,81.97,82.34,44.93,0
24.99,88.25,79.18,24.47,0
25.07,29.96,57.58,20.92,0
22.67,110.42,62.44,56.44,0
35.35,91.71,51.03,12.96,0
32.06,74.48,46.85,78.98,0
42.42,104.25,46.72,78.91,0
42.9,33.63,23.88,50.37,0
21.35,95.91,45.66,47.85,0
32.56,47.25,63.34,22.24,0
44.41,83.79,44.11,58.24,0
20.3,25.29,54.39,32.78,0
35.32,31.16,51.63,26.6,0
31.78,73.57,36.1,44.91,0
25.26,84.09,36.65,69.8,0
26.99,21.59,16.15,50.31,0
25.71,11.98,27.95,26.51,0
30.81,45.71,17.4,77.14,0
23.74,96.68,20.01,44.97,0
44.89,101.93,48.95,60.44,0
39.63,36.0,52.78,49.75,0
29.96,82.87,10.1,66.97,0
31.91,75.58,43.24,33.43,0
29.02,67.24,84.21,28.04,0
20.5,14.55,78.73,77.42,0
24.97,69.11,60.18,22.22,0
39.51,42.61,62.22,44.12,0
38.41,106.76,37.39,30.06,0
35.79,17.38,19.24,66.54,1
28.43,75.75,53.59,69.42,0
21.78,19.44,24.4,32.18,0
27.28,32.1,59.79,28.99,0
31.12,103.54,35.87,51.08,0
44.14,49.68,20.63,11.62,0
38.19,79.44,84.94,59.05,0
22.0,20.03,13.76,14.47,0
41.97,65.81,7.24,37.79,0
39.12,9.99,27.31,20.87,0
36.37,106.26,31.3,27.32,0
27.1,75.18,16.16,68.7,0
20.71,79.63,78.13,32.76,0
31.9,117.0,50.95,29.07,0
31.12,116.35,64.3,22.39,0
34.94,75.73,59.05,49.48,0
33.09,76.74,31.32,34.3,0
33.49,96.56,42.56,35.6,0
26.5,36.43,5.01,67.08,0
41.2,41.27,44.88,10.58,0
43.05,113.63,45.55,10.64,0
30.76,35.15,24.65,10.51,0
29.34,49.41,52.65,37.63,0
24.08,88.45,38.13,36.49,0
26.57,50.67,25.36,63.52,0
42.75,96.91,63.19,29.93,0
38.57,97.06,40.1,69.74,0
24.56,34.75,59.14,53.24,0
26.8,74.73,20.96,11.36,0
21.24,64.2,20.8,17.16,0
26.73,85.82,66.8,26.3,0
23.77,59.23,34.06,31.81,0
39.99,119.76,44.41,65.4,0
28.26,101.23,85.89,13.92,0
39.39,8.57,44.96,23.45,0
41.04,98.07,75.4,18.54,0
39.2,29.88,70.55,41.01,0
38.44,4.02,44.17,63.97,0
33.03,117.85,45.19,57.7,0
27.8,38.77,58.48,12.95,0
43.44,62.51,26.53,54.7,0
24.97,106.5,78.41,25.25,0
22.82,75.95,32.58,21.72,0
26.9,14.36,72.08,10.63,0
21.05,94.02,45.4,51.73,0
29.28,10.74,18.4,16.4,0
35.47,111.7,89.74,53.76,0
21.49,77.35,64.61,65.4,0
23.15,27.92,88.44,65.2,0
38.92,96.66,42.29,23.51,0
37.23,42.98,16.45,72.91,0
32.13,52.5,30.05,58.79,0
24.74,22.4,34.55,61.27,0
26.88,99.76,82.73,48.82,0
21.72,18.6,30.13,28.43,0
29.18,0.09,59.23,36.53,0
24.64,2.25,77.83,64.32,0
25.97,86.52,60.95,47.73,0
29.69,62.89,47.29,48.6,0
35.33,38.71,59.48,17.73,0
33.08,8.0,75.99,19.08,0
41.84,24.25,46.26,16.91,0
34.28,100.36,60.92,46.81,0
37.53,30.71,36.14,52.42,0
21.77,111.63,22.74,44.4,0
42.24,9.59,73.09,14.25,0
33.95,112.59,40.36,35.83,0
37.71,98.84,27.59,12.85,0
21.76,36.47,85.29,77.24,0
22.43,87.02,50.19,23.26,0
33.15,29.85,58.15,22.52,0
38.73,49.82,13.97,54.7,0
28.95,55.05,61.55,71.8,0
24.17,21.65,39.13,33.63,0
23.95,119.81,42.66,34.66,0
27.88,118.98,32.6,36.02,0
39.1,51.67,66.7,52.59,0
34.08,25.67,70.09,74.83,0
26.35,115.4,43.04,37.8,0
38.16,117.95,55.64,46.23,0
44.84,36.22,30.53,25.53,0
41.39,2.6,74.86,58.28,0
26.9,66.44,52.29,74.81,0
23.87,4.53,35.23,19.69,0
29.18,69.86,24.8,66.78,0
22.3,47.98,83.02,61.4,0
38.09,95.15,19.7,67.8,0
37.24,69.15,82.15,51.67,0
27.51,87.69,53.98,15.49,0
21.4,92.51,34.57,67.2,0
30.41,104.14,78.93,25.87,0
36.32,72.28,5.97,64.42,0
29.56,36.57,8.5,47.8,0
23.74,60.29,23.77,13.54,0
38.29,47.15,42.88,51.66,0
32.62,26.65,29.63,37.6,0
23.3,9.91,53.57,13.45,0
29.98,10.21,47.65,64.17,0
23.26,16.18,52.54,44.15,0
36.31,23.53,57.36,61.5,0
26.16,8.6,71.03,32.64,0
43.1,10.75,62.1,39.65,0
28.71,38.49,55.48,11.69,0
27.62,118.52,57.38,79.31,0
31.06,17.5,8.81,67.27,0
24.99,44.86,69.41,69.69,0
22.81,6.54,85.66,74.87,0
41.72,98.42,6.17,58.57,0
22.78,54.01,6.93,24.63,0
33.45,24.46,49.48,28.11,0
32.08,87.59,17.01,58.91,0
20.46,69.96,61.4,13.04,0
24.26,34.08,72.08,53.26,0
21.33,78.57,5.71,37.21,0
26.78,102.25,61.11,70.5,0
20.48,104.09,60.2,26.18,0
29.52,117.19,13.47,32.08,0
41.67,63.79,20.85,45.05,0
31.45,111.16,6.83,27.32,0
33.24,40.03,38.44,20.99,0
28.67,42.23,58.14,26.53,0
44.46,60.15,74.01,53.81,0
41.97,106.85,74.26,12.06,0
33.87,33.62,17.9,72.8,0
36.42,10.54,37.49,77.24,0
35.31,75.06,24.33,26.83,0
23.82,116.46,82.33,33.05,0
33.56,24.81,16.78,47.89,0
40.0,103.51,31.26,59.36,0
33.1,16.23,89.63,78.3,0
23.63,111.96,82.95,32.22,0
